{
  "total_questions": 30,
  "successful_queries": 26,
  "avg_precision": 0.12604093567251462,
  "avg_recall": 0.1628968253968254,
  "avg_f1": 0.1333777333777334,
  "exact_match_rate": 0.03333333333333333
}